Full Name,Phone,Email,Age,Experience,Yearly Income,Has children,License states,Expiration date,License number
Alex Cho,8900991919,cho.cho,12,45,1200.11,TRUE,Utah,12/12/2030,1xr567
Bob Martin,18950891312,dssd@lll.com,29,3,5000,TRUE,"Alaska,Alabama",12/12/2025,2gr345
 Ada Lovelace,78973521012,ada@ff.com,43,12,25000,,California,12/12/2023,2yr268
Alex Cho,8900991919,gjrgjtgt,3,5,2000.22,hjgjgh,Arizona,12/12/2025,1xr56
Oliver Jack,18966941915,dan@DD.com,32,32,6000,TRUE,Hawaii,12/12/2025,2gr345
Jack London,18973521016,jlo,22,1,3000,,Iowa,12/12/2024,2or398
Ellen Lapton,38300291819,elen@oo.com,6,12,23333,,Georgia,12/12/2025,8gu325
Jen Li,13916241915,jl@pp.com,32,7,6000,TRUE,Illinois,12/12/2028,3yr258
Emmy Rigths ,13966741914,er@mm.com,25,20,30000.56565,,Alaska,12-12-2021,2or368
 Jesika Alba,14970521012,hjjkhlk,36,11,20222,TRUE,Kentucky,12/12/2029,3or321
Roger Fan,1234567890,rf@gfgg.com,39,15,220232320,,Illinois,2021-12-12,1gr395
Jonny Bad,18700091019,jon@b.com,52,20,1900,TRUE,California,12/12/2028,2or363
Mettew Sin,18910221915,ms@fd.com,2,22,5000,,Kansas,12/12/2024,1gr392
Isaak New,14977527012,is@fdf.com,42,12,4545,55555,Iowa,12/12/2025,2or3
Sem Depp,14962741914,sd@fjjf.com,60,30,5455,TRUE,Maine,2039-12-12,1gr777
Luk Besson,13922241914,lb@fdkj.com,18,19,2323,,Illinois,12/12/2025,3or333
Jenifer Lu,15006293819,jlu@dd.com,35,12,52224,TRUE,Massachusetts,12/12/2026,8kl377
Lana Rey,18914223935,ler@fd.com,21,1,5454452.2222,,Alabama,12/12/2029,8or338
Gam Sam,15556273819,LG@Hjj.com,52,90,45455,TRUE,Kansas,12/12/2032,2or36
Natali Imbrula,8900991919,fdfdsfrg,29,3,54488,,Nevada,12/12/2029,8or434
Enthony Dorr,14762341214,endi@ff.com,41,10,5655,TRUE,Nebraska,12/12/2030,555ol9
Henry Ford,14377847012,hf@gh.com,26,5,8877,0,Kansas,12/12/2041,4544
Liz Cadrou,16666273819,lizzy@jj.com,9,45,4545,,Ohio,12/12/2026,7gr783
Bobby Scott,15930741914,bos@Fa.com,43,12,453232454,TRUE,Iowa,12/12/2033,8or348
Jim Lorry,19066393219,JIL@jj.cOm,45,49,4545,TRUE,Alabama,12/12/2034,8ir497
John Sina,13926358114,dan@DD.com,39,12,hjhjkk,,California,12/12/2028,1gy598
Lina Kos,19689893219,lin@UU.com,25,2,44545,,Maryland,12/12/2029,2or979
Cris Ti,15698641914,CiT@kkk.com,59,22,45454,TRUE,Maine,2028-12-12,1he888
Martin Berl,18916661915,ddOP@lo.com,jjkkk,0,454454,,Nevada,12/12/2038,8os548
